10879	Chen Jiru	陳繼儒	1617	1558	1639	No
33843	Lu Shusheng	陸樹聲	1568	1509	1605	No
34717	Wang Shizhen	王世貞	1585	1526	1590	No
34736	Wang Shiqi	王士騏	1619	0	0	No
35003	Dong Qichang	董其昌	1614	1555	1636	No
56579	Wang Wei	王微	1647	1600	1647	Yes
65899	Zhang Quan	張銓	1621	1577	1621	No
68364	Ruan E	阮鶚	1567	1509	1567	No
123984	Wang XiJue	王錫爵	1593	1534	1610	No
124005	Wang Heng	王衡	1609	1561	1609	No
124967	Ding Bin	丁賓	1602	1543	1633	No
24569	Lin Maoda	林茂達	1532	0	0	No
270804	Lin Maorong	林茂榮	1534			No
270806	Lin Maochun	林茂春	1534			No
26218	Sheng Yingqi	盛應期	1533	1474	1535	No
26220	Sheng Zhicai	盛之才	1562	0	0	No
265376	Shen Shi(Wife of Shengyingqi)	沈氏(盛應期妻)	1536			Yes
265377	Sheng Yingwang	盛應望	1535			No
28807	Zhu Xizhou	朱希周	1526	0	0	No
28808	Zhu Jinggu	朱景固	1556	0	0	No
28825	Zhang Bangqi	張邦奇	1543	1484	1544	No
28826	Zhang Shiche	張時徹	1559	1500	1577	No
29577	Chen Kan(2)	陳侃	1532	0	0	No
30374	Wang Shouren	王守仁	1528	1472	1528	No
34166	Wan Biao	萬表	1556	1498	1556	No
34534	Zhang Zheng	章拯	1538	1479	1548	No
34643	Hang Huai	杭淮	1529	0	0	No
67905	Ge Hao	葛浩	1526			No
68049	Zhai Tang	翟唐	1529			No
68070	Wan Chao	萬潮	1543	1488	1543	No
68132	Zhu Xizhou	朱希周	1532	1473	1556	No
68194	Xia Yan	夏言	1541	1482	1548	No
68210	Gu Dingchen	顧鼎臣	1532	1473	1540	No
68238	Wang Xian	王憲	1537		1537	No
68240	Jiang Yao	蔣瑤	1528	1469	1557	No
68244	Hu Zan	胡瓚	1529	1471	1529	No
68280	Wang Kuang	王爌	1554		1554	No
68287	Song Jing	宋景	1547		1547	No
68289	Tu Qiao	屠僑	1539	1480	1555	No
68292	Wen Yuan	聞淵	1539	1480	1563	No
68328	Wang Shizhong	王時中	1525	1466	1542	No
68335	Tang Long	唐龍	1534	1475	1546	No
68352	Zeng Xi	曾銑	1548		1548	No
68456	Yang Zui	楊最	1547			No
68482	Qi Zhiluan	齊之鸞	1534	1483	1534	No
125411	Yan Song	嚴嵩	1539	1480	1565	No
127325	Zhu Bao	朱豹	1533	1481	1533	No
127955	Li Ji	李楫	1535			No
128223	Wu Hui	吳惠	1541			No
128901	Zhou Xu	周煦	1551			No
129522	Xia Ding	夏鼎	1526			No
129727	Sun Chengen	孫承恩	1540	1481	1561	No
130018	Xu Zan	徐讃	1531	1472	1533	No
130937	Chen Huan	陳煥	1537	1478	1550	No
131001	Chen Huan	陳寰	1541			No
131191	Zhan Ruoshui	湛若水	1525	1466	1560	No
131402	Huang Zhong	黃重	1527	1468	1539	No
131495	Fei Shen	費宷	1542	1483	1548	No
131616	Fu Yao	傅鑰	1540	1482	1540	No
132156	Zhao Tingrui	趙廷瑞	1551	1492	1551	No
132342	Pan Yi	潘鎰	1551			No
132829	Liu Qian	劉乾	1527	1468	1536	No
132973	Liu Kui	劉夔	1543	1487	1543	No
133063	Lu Xun	盧勳	1562			No
133434	Dai Die	戴䲀	1565			No
133464	Wei Youben	魏有本	1542	1483	1552	No
133675	Gu Qian	顧潛	1530	1471	1534	No
133705	Gong Yongqing	龔用卿	1559	1500	1563	No
275477	Wang Shi(Wife of Zhangbangqi)	王氏(張邦奇妻)	1546			Yes
275478	Zhang Bangyan	張邦彥	1541			No
275479	Zhang Bangyan	張邦言	1545			No
275480	Zhang Bangzhen	張邦真	1545			No
275481	Zhang Bangjun	張邦俊	1545			No
275482	Zhang Bangyi	張邦翊	1545			No
275483	Zhang Bangjie	張邦傑	1545			No
275484	Zhang Bangheng	張邦亨	1545			No
275485	Zhang Banghong	張邦竑	1545			No
275486	Zhang Bangyong	張邦永	1545			No
127606	Shen Kai	沈愷	1559			No
128838	Zhou Yi	周奕	1548	1489	1556	No
130754	Lu Yi	陸釴	1553	1494		No
130832	Chen Shu	陳束	1559			No
131549	Hua Ai	華愛	1533	1491	1533	No
133285	Xue Jia	薛甲	1557	1498	1572	No
133485	Wei Qi	魏棨	1535			No
29574	Chen Yi	陳沂	1528	1469	1538	No
118809	Ma  Xianqing	馬閒卿	1531			Yes
279968	Yang Shi(Wife of Chenyi)	楊氏(陳沂妻)	1531			Yes
279969	Ma Shi(Wife of Chenyiji)	馬氏(陳沂繼妻)	1531			Yes
279970	Chen Huai	陳淮	1526			No
279971	Chen Ji	陳濟	1526			No
279972	Chen Qing	陳清	1526			No
279973	Chen Pu	陳溥	1526			No
279976	Chen Su	陳涑	1526			No
279977	Chen Han	陳漢	1530			No
279978	Chen Xun	陳浚	1530			No
279979	Chen Chun	陳淳	1530			No
279980	Chen Chao	陳潮	1530			No
29575	Chen Renxi	陳仁錫	1636	1581	1636	No
29576	Chen Yunjian	陳允堅	1610	0	0	No
30284	Hai Rui	海瑞	1573	1514	1587	No
34263	Gu Tongying	顧同應	1626	1585	1626	No
34682	Wen Zhenmeng	文震孟	1633	1574	1636	No
35127	Yang Lian	楊漣	1625	1571	1625	No
124893	Li Zhi	李贄	1586	1527	1602	No
126759	Wang Jingchen	王敬臣	1572	1513	1595	No
128488	Qi Chenghan	祁承㸁	1624	1565	1628	No
128820	Zhou Zongjian	周宗建	1626	1582	1626	No
129770	Sun Shenxing	孫愼行	1623	1564	1635	No
129902	Xu Ruke	徐如珂	1621	1562	1626	No
131175	Feng Menglong	馮夢龍	1633	1574	1646	No
29578	Chen Longzheng	陳龍正	1645	1585	0	No
29579	Chen Yuwang	陳于王	1615	0	0	No
30849	Gao Panlong	高攀龍	1621	1562	1626	No
34734	Gui Zimu	歸子慕	1621	0	0	No
127541	Wang Yingjiao	汪應蛟	1604			No
228584	Chen Qing	陳卿	1585			No
228585	Sheng Shi(Mother of Chenyuwang)	盛氏(陳于王母)	1588			Yes
228589	Chen Yubi	陳于陛	1613			No
228590	Chen Mou	陳某	1645			No
228591	Chen E	陳鍔	1645			No
228592	Chen Rui	陳銳	1645			No
29584	Chen Zilong	陳子龍	1647	1608	1647	No
56573	Liu Shi	柳是	1664	1618	1664	Yes
29589	Zheng Xiao	鄭曉	1558	1499	1566	No
29590	Zheng Lvchun	鄭履淳	1573			No
29751	Qian Wei	錢薇	1554	1502	1554	No
329275	Zheng Xiao	鄭曉	1543			No
329281	Zheng Ji	鄭激	1575			No
329282	Zheng Fa	鄭法	1575			No
329283	Zheng Cong	鄭淙	1575			No
329284	Zheng Zhu	鄭洙	1575			No
329285	Zheng Di	鄭滴	1575			No
329286	Zheng Di	鄭滌	1575			No
329288	Zheng Lvzhun	鄭履準	1571			No
329289	Zheng Jia	鄭浹	1571			No
329290	Zheng Lvxun	鄭履洵	1571			No
29604	Qi Jingtong	戚景通	1557	0	0	No
29606	Qi Jimei	戚繼美	1592			No
29605	Qi Jiguang	戚繼光	1587	1528	1587	No
68356	Wang Yu	王忬	1560	1507	1560	No
68363	Hu Zongxian	胡宗憲	1565		1565	No
126604	Wang Chunze	王春澤	1574	1515	1602	No
127530	Wang Daokun	汪道昆	1584	1525	1593	No
128983	Jiang Bao	姜寶	1573	1514	1593	No
129206	Yu Dayou	兪大猷	1562	1503	1579	No
129426	Tang Wencan	唐文燦	1598			No
131054	Chen Rang	陳讓	1562			No
29721	Xu Fuyuan	許孚遠	1594	1535	1604	No
67157	Lin Tingji	林庭機	1565	1506	1581	No
130914	Chen Shan	陳善	1573	1514	1589	No
326556	Hu Song	許松	1564			No
326557	Shen Shi(Mother of Huningyuan)	沈氏(許寧遠母)	1567			Yes
326558	Shu Shi(Wife of Huningyuan)	舒氏(許寧遠妻)	1597			Yes
326559	Hu Daoyuan	許道遠	1596			No
326560	Hu Zhiyuan	許志遠	1596			No
326561	Hu Xingyuan	許行遠	1596			No
34673	Wen Zhengming	文徵明	1529	1470	1559	No
34697	Gao Shusi	高叔嗣	1537	1501	1537	No
68410	Ye Hong	葉洪	1559			No
68461	Xue Zongkai	薛宗鎧	1535		1535	No
126814	Wang Ji	王畿	1557	1498	1583	No
127880	Li Shixing	李時行	1571			No
128289	Wu Peng	吳鵬	1559	1500	1579	No
129183	Mao Zai	茅宰	1559			No
130203	Guo Yingkui	郭應奎	1559			No
131629	Cheng Wende	程文德	1556	1497	1559	No
132383	Zheng Mao	鄭茂	1583			No
132554	Jiang Xin	蔣信	1542	1483	1559	No
133119	Qian Qi	錢琦	1528	1469	1549	No
133130	Qian Xuan	錢萱	1565			No
133164	Xie Ting??	謝廷𦶜	1562			No
203086	Qian Qin	錢芹	1560	1501		No
294355	Qian Zhen	錢珎	1531			No
294356	Zheng Shi(Mother of Qianwei)	鄭氏(錢薇母)	1534			Yes
294357	Sun Shi(Wife of Qianwei)	孫氏(錢薇妻)	1564			Yes
294358	Qian Yu	錢顒	1559			No
294359	Qian Yue	錢岳	1559			No
294360	Qian Zhu	錢著	1558			No
294361	Qian Shen	錢蔘	1558			No
294362	Qian Lan	錢蘭	1558			No
294365	Qian Kui	錢葵	1563			No
294366	Qian Yuying	錢與映	1591			No
294367	Qian Ruiri?Huan	錢瑞日奐	1591			No
30142	Zhu Guozuo	朱國祚	1624	0	1624	No
30143	Zhu Daqi	朱大啟	1654	0	0	No
222076	Zhu Ru	朱儒	1594			No
222080	Zhu Guozhen	朱國禎	1626			No
222081	Zhu Guoxian	朱國賢	1626			No
222083	Zhu Guoxiang	朱國祥	1626			No
222084	Zhu Guoshi	朱國士	1626			No
222085	Zhu Guochen	朱國臣	1626			No
222086	Zhu Guoli	朱國禮	1622			No
233254	Zhu Guozhen	朱國禎	1624			No
233257	Shi Shi(Mother of Zhudaqi)	施氏(朱大啟母)	1627			Yes
233260	Zhu Dajing	朱大競	1652			No
233261	Zhu Dalie	朱大烈	1652			No
233262	Zhu Damou	朱大某	1652			No
233263	Zhu Dazhi	朱大治	1652			No
233264	Zhu Daren	朱大任	1652			No
233265	Zhu Dading	朱大定	1652			No
233267	Zhu Dalai	朱大賚	1652			No
30147	Zhu Mengzhen	朱孟震	1598	0	0	No
30146	Zhu Zan	朱瓚	1564	0	0	No
333684	Zhu Zan	朱瓉	1568			No
333685	Wu Shi(Mother of Zhumengzhen)	吳氏(朱孟震母)	1571			Yes
333688	Zhu Zhongzhen	朱仲震	1596			No
333690	Zhu Jizhen	朱季震	1596			No
30184	Qu Jingchun	瞿景淳	1566	1507	1569	No
30185	Qu Ruji	瞿汝稷	1610			No
30186	Qu Rushuo	瞿汝說	1620			No
68256	Yang Shouli	楊守禮	1555		1555	No
126791	Wang Weizhen	王維楨	1555	1507	1555	No
305241	Qu Guoxian	瞿國賢	1536			No
305242	Qin Shi(Mother of Qujingchun)	秦氏(瞿景淳母)	1539			Yes
305243	Li Shi(Wife of Qujingchun)	李氏(瞿景淳妻)	1569			Yes
130733	Lu Huachun	陸化淳	1622			No
132148	Zhao Yongxian	趙用賢	1594	1535	1596	No
30187	Qu Shisi	瞿式耜	1649	1590	1650	No
91885	Qu Yuanxi	瞿元錫	1669	1610		No
30203	Fang Feng(2)	方鳳	1528	0	0	No
30204	Fang Peng	方鵬	1531	0	0	No
30205	Fang Zhu(2)	方築	1555	0	0	No
30210	Feng Xi	豐熙	1527	1468	1537	No
30211	Feng Fang	豐坊	1553			No
30214	Feng Yueren	豐越人	1613	0	0	No
30239	Qian Qianyi	錢謙益	1641	1582	1664	No
30240	Feng Mengzhen	馮夢禎	1605	1548	1605	No
30244	Feng Fujing	馮復京	1622	1573	1622	No
30602	Xu Shipu	徐世溥	1658	1608	1658	No
30689	Feng Yuanyang	馮元颺	1644	1586	1644	No
34220	Tang Hezheng	唐鶴徵	1597	1538	1619	No
34746	Cao Yubian	曹于汴	1617	1558	1634	No
34747	Zou Yuanbiao	鄒元標	1610	1551	1624	No
34752	Fan Jingwen	范景文	1644	1587	1644	No
34787	Shen Defu	沈德符	1637	1578	1642	No
56589	Hou Fangyu	侯方域	1654	1618	1654	No
59750	Cheng Jiasui	程嘉燧	1624	1565	1644	No
63342	Xie Sanbin	謝三賓	1652	1593		No
63882	Sun Chengzong	孫承宗	1622	1563	1638	No
68502	Zhao Jin	趙錦	1575	1516	1591	No
84137	Zhao Shichun	趙士春	1658	1599	1675	No
88393	Huang Yisheng	黃翼聖	1655	1596	1659	No
88407	Xiao Shiwei	蕭士瑋	1644	1585	1651	No
123385	Wang Shiren	王世仁	1616	1556	1637	No
123710	Wang Tu	王圖	1627	1577	1627	No
123974	Shen Yongmao	申用懋	1619	1560	1638	No
124068	Shen Yan	沈演	1638		1638	No
125311	Liang Menglong	梁夢龍	1586	1527	1602	No
126473	Wang Yuanhan	王元翰	1624	1565	1633	No
126967	Mao Jin	毛晋	1658	1599	1659	No
127432	Zhu Lu	朱鷺	1612	1553	1632	No
127987	Li Weizhen	李維楨	1606	1547	1626	No
129892	Xu Hongzu	徐弘祖	1641	1586	1641	No
129935	Xu Daipin	徐待聘	1614	1555	1626	No
130219	Lu Shanji	鹿善繼	1634	1575	1636	No
130245	Mei Zhihuan	梅之煥	1634	1575	1641	No
130249	Mei Guozhen	梅國禎	1601	1542	1605	No
131375	Huang Ruliang	黃汝良	1616			No
131606	Fu Xinde	傅新德	1611	1569	1611	No
131951	Ye Xianggao	葉向高	1618	1559	1627	No
131961	Ye Maocai	葉茂才	1617	1558	1629	No
132041	Ju Zhiyi	鄒之嶧	1633	1574	1643	No
132051	Ju Diguang	鄒廸光	1604			No
132172	Zhao Nanxing	趙南星	1609	1550	1627	No
132289	Guan Zhidao	管志道	1595	1536	1608	No
133009	Shi Ganshan	釋憨山	1605	1546	1623	No
133088	Qian Shijin	錢士晉	1635	1577	1635	No
133106	Qian Dai	錢岱	1600	1541	1622	No
133345	Xiao Yunju	蕭雲擧	1616			No
133367	Miao Changqi	繆昌期	1621	1562	1626	No
133452	Gui Changshi	歸昌世	1633	1574	1645	No
133519	Luo Rufang	羅汝芳	1574	1515	1588	No
30209	Fei Yuanlu	費元祿	1604	0	0	No
30664	Huang Hongxian	黃洪憲	1601	0	0	No
33828	Lu Guangzu	陸光祖	1580	1521	0	No
34720	Wang Qiao	王樵	1580	1521	1599	No
34901	Tian Yiheng	田藝蘅	1586	0	0	No
35112	Wu Guolun	吳國倫	1580	0	0	No
35220	Yuan Huang	袁黃	1616	0	0	No
68547	Xu Jie	徐階	1562	1503	1583	No
118816	Mao Kun	茅坤	1568			No
123964	Li Tingji	李廷機	1601	1542	1616	No
124309	Zhang Wei	張位	1598			No
125309	Zhang Han	張瀚	1570	1511	1593	No
126420	Fang Yingxuan	方應選	1613			No
127075	Shi Jichen	史繼辰	1607			No
127162	Bao Chengfang	包檉芳	1593	1534	1596	No
127265	Zhu Tingyi	朱廷益	1600	1546	1600	No
127558	Shen Zibin	沈自邠	1589	1554	1589	No
127821	Li Chengshi	李承式	1587	1528	1605	No
128087	Che Daren	車大任	1610			No
130665	Zhang Yingyang	張應揚	1600	1550	1600	No
130885	Chen Tailai	陳泰來	1607			No
131374	Huang Ruheng	黃汝亨	1617	1558	1626	No
132075	Zhan Shijiang	詹事講	1607			No
132670	Liu Yuanlin	劉元霖	1614	1556	1614	No
133657	Gu Wen	顧問	1601			No
134565	Lu Kejiao	陸可教	1607			No
215505	Feng Di	馮第	1577			No
215506	Shen Shi(Mother of Fengmengzhen)	沈氏(馮夢禎母)	1580			Yes
215507	Shi Shi(Wife of Fengmengzhen)	石氏(馮夢禎妻)	1610			Yes
215508	Shen Shi(Wife of Fengmengzhenji)	沈氏(馮夢禎繼妻)	1610			Yes
215509	Feng Yingzhen	馮應禎	1609			No
215510	Feng Yinzhen	馮胤禎	1609			No
215511	Feng Yongzhen	馮永禎	1609			No
215512	Feng Guozhen	馮國禎	1609			No
30241	Feng En	馮恩	1556			No
30242	Feng Xingke	馮行可	1586			No
30243	Feng Shike	馮時可	1603			No
69251	Hu Xiao	胡涍	1595			No
131412	Huang Zhenshui	黃姫水	1568	1509	1574	No
211067	Feng En	馮恩	1573			No
211072	Feng Xingke	馮行可	1605			No
211073	Feng Dake	馮達可	1605			No
211074	Feng Xueke	馮學可	1605			No
211075	Feng Zaike	馮再可	1605			No
211076	Feng Fuke	馮輔可	1605			No
211077	Feng Jike	馮繼可	1605			No
211078	Feng Xiaoke	馮斆可	1605			No
211079	Feng Yanke	馮衍可	1605			No
211080	Feng Zengke	馮曾可	1601			No
30245	Feng Shu	馮舒	1649	1593	1649	No
30291	Hai Zhongshi	海中適	1603	0	0	No
30292	Hai Zhongdi	海中砥	1554	0	0	No
30293	Hai Zhongliang	海中亮	1553	0	0	No
30294	Hai Zhongqi	海中期	1557	0	0	No
30295	Zhang Yun(6)	張筠	1603	0	0	No
30296	Lin Yue	林岳	1607	0	0	No
30297	Zhou Weicheng	周維誠	1611	0	0	No
68457	Gu Cunren	顧存仁	1561	1502	1575	No
124884	Guo Yingpin	郭應聘	1579	1520	1586	No
127067	Shi Chaoyi	史朝宜	1573	1514	1581	No
30290	Hai Mao	海瑁	1573	0	0	No
30315	He Mengchun	何孟春	1533	1474	1536	No
30316	He Zhongfang	何仲方	1558	0	0	No
128816	Zhou Tingyong	周廷用	1534	1482	1534	No
131004	Chen Lin	陳璘	1526	1467	1538	No
131871	Yang Chi	楊褫	1526			No
264032	Ou Shi(Wife of Hemengchun)	歐氏(何孟春妻)	1536			Yes
264033	He Mengdan	何孟旦	1535			No
30327	Xiang Dushou	項篤壽	1592	0	0	No
30326	Xiang Yuanhong	項元洪	1580	0	0	No
30328	Xiang Yuanbian	項元汴	1584	1525	1590	No
30334	Xiao Yan(3)	蕭彥	1601	0	0	No
30335	Xiao Yong(2)	蕭雍	1623	0	0	No
208955	Dong Shi(Mother of Xiaoyan)	董氏(蕭彥母)	1574			Yes
222796	Xiao Chu	蕭儲	1571			No
222800	Xiao Xin	蕭歆	1603			No
222801	Xiao Hao	蕭豪	1603			No
222803	Xiao Shao	蕭韶	1599			No
222804	Xiao Yan	蕭顏	1599			No
222797	Dong Shi(Mother of Xiaoyong)	董氏(蕭雍母)	1596			Yes
222799	Xiao Bao	蕭褒	1625			No
222806	Xiao Hu	蕭頀	1621			No
30336	Xie Zhaozhi	謝肇淛	1622	0	0	No
34714	Li Panlong	李攀龍	1570	1514	1570	No
132012	Dong Sicheng	董嗣成	1595	1560	1595	No
232250	Xie Rushao	謝汝韶	1592			No
30371	Xu Sanchong	徐三重	1601	0	0	No
30372	Xu Zhenji	徐禎稷	1631	0	0	No
217726	Xu Pei	徐沛	1571			No
217727	Dai Shi(Mother of Xusanzhong)	戴氏(徐三重母)	1574			Yes
217729	Xu Sande	徐三德	1599			No
30375	Wang Zhengyi	王正億	1577	1527	1577	No
99984	Ouyang De	歐陽德	1554	1496	1554	No
129106	Ke Weixiong	柯維熊	1547			No
30377	Wang Chengxun	王承勛	1617	0	0	No
30384	Xu Jiusi(2)	徐九思	1571	0	0	No
30385	Xu Zhenming	徐貞明	1601	0	0	No
210356	Xu Jiusi	徐九思	1571			No
30593	Xu Xuemo	徐學謨	1580	1521	1592	No
34259	Gu Zhangzhi	顧章志	1582	1523	1586	No
34719	Wang Shimao	王世懋	1588	1536	1588	No
67694	Zhu Zaizhen	朱載圳	1565	1537	1565	No
67914	Qian Dui	錢錞	1555	1525	1555	No
68527	Liu Xian	劉顯	1581		1581	No
69011	Zhang Juzheng	張居正	1582	1525	1582	No
69088	Yang Bo	楊博	1568	1509	1574	No
126859	Wang Qiao	王翹	1564	1505	1572	No
128775	Zhou Ziyi	周子義	1586	1529	1586	No
129417	Gao Ao	高鏊	1545	1486	1568	No
129457	Tang Qinyao	唐欽堯	1556	1501	1556	No
129649	Yuan Zugeng	袁祖庚	1578	1519	1590	No
129690	Qin Jiaji	秦嘉楫	1589			No
130132	Xu Conglong	許從龍	1583			No
130548	Zhang Yi	張意	1559			No
131147	Feng Chengneng	馮成能	1589			No
131158	Feng Shiyu	馮時雨	1598			No
131528	Hua Shuyang	華叔陽	1598			No
131798	Yang Bai	楊柏	1586			No
132027	Ji Ruzhi	戢汝止	1595			No
132271	Xiong Mi	熊密	1616			No
133488	Wei Chang	魏裳	1580			No
133674	Gu Mengyu	顧夢羽	1575	1516	1593	No
133706	Gong Youcheng	龔有成	1559	1500		No
312034	Xu Fu	徐甫	1550			No
312035	Chen Shi(Mother of Xuxueshi)	陳氏(徐學詩母)	1553			Yes
312036	Ou Shi(Wife of Xuxueshi)	歐氏(徐學詩妻)	1583			Yes
312037	Wang Shi(Wife of Xuxueshiji)	王氏(徐學詩繼妻)	1583			Yes
312038	Xu Xueli	徐學禮	1578			No
30595	Wei Xiao	魏校	1542	1483	1543	No
272818	Wang Shi(Wife of Weixiao)	王氏(魏校妻)	1545			Yes
272819	Wei Mou	魏某	1540			No
272820	Wei Mou	魏某	1544			No
30596	Xu Guan	徐官	1572	0	0	No
30598	Xu Guangqi	徐光啟	1621	1562	1633	No
30597	Li Madou	利瑪竇	1610	0	1610	No
134697	Huang Tiren	黃體仁	1633			No
30607	Xu Wei(2)	徐渭	1580	1521	1593	No
30611	Xu Mei	徐枚	1610	0	0	No
30612	Xu Du(2)	徐杜	1614	0	0	No
30616	Pan Si	潘似	1550	0	0	Yes
30617	Pan C	潘C	1560	0	0	No
34713	Shen Lian	沈鍊	1556	1497	1557	No
128304	Lv Guangxun	呂光洵	1577	1518	1580	No
128474	Fa Ju	法聚	1551	1492	1563	No
131962	Ye Xin	葉信	1532			No
30618	Xu Wen	徐問	1532		1550	No
68349	Zhou Yong	周用	1535	1476	1547	No
126976	Mao Xian	毛憲	1528	1469	1535	No
130963	Chen Shi	陳實	1525	1475	1525	No
133541	Luo Lu	羅輅	1535	1487	1535	No
271098	Xu Xue	徐學	1534			No
271099	Xu Si	徐思	1530			No
271100	Xu Bian	徐辨	1530			No
30619	Xu Yuqing(2)	許譽卿	1646			No
30626	Xue Hui	薛蕙	1541	1489	1541	No
34657	Yang Shen	楊慎	1547	1488	1559	No
69148	Wang Ting	王廷	1589		1589	No
126632	Wang Ting	王庭	1547	1488	1571	No
132671	Liu Tianmin	劉天民	1541	1486	1541	No
30627	Xue Yingqi	薛應旂	1565	0	0	No
30628	Xue Fujiao	薛敷教	1619	0	0	No
33860	Lv Nan	呂柟	1538	1479	1542	No
34716	Yang Jisheng	楊繼盛	1555	1516	1555	No
67743	Shu Fen	舒芬	1527	1484	1527	No
67749	Ma Ruji	馬汝驥	1543	1493	1543	No
68242	Hu Shining	胡世寧	1529	1470	1531	No
126321	Ding Zhan	丁湛	1559			No
126574	Wang Shangjiong	王尚絅	1531	1478	1531	No
128011	Li Zheng	李徵	1562			No
128288	Wu Qiong	吳瓊	1565			No
129448	Tang Shiying	唐時英	1558	1499	1576	No
129563	Ma Li	馬理	1533	1474	1555	No
130402	Zhang Zhi	張治	1547	1488	1550	No
130552	Zhang Yu	張裕	1559			No
130610	Zhang Run	張潤	1529	1470	1552	No
131204	Tang Bin	湯賓	1573	1514	1585	No
131560	Qiao Shining	喬世寧	1568			No
132293	Guan Huaili	管懷理	1559			No
133100	Qian Rujing	錢如京	1532			No
133152	Xie Shaonan	謝少南	1562			No
133406	Dai Jin	戴金	1543	1484	1548	No
296448	Xue Qing	薛卿	1535			No
296449	Shi Shi(Mother of Xueyingqi)	史氏(薛應旂母)	1538			Yes
296452	Xue Yingting	薛應廷	1567			No
296453	Xue Yingchen	薛應辰	1563			No
296455	Xue Bangchen	薛邦臣	1563			No
296456	Xue Yingjia	薛應嘉	1563			No
30647	Hu Shi	胡侍	1551	1492	1553	No
279846	Du Shi(Wife of Hushi)	杜氏(胡侍妻)	1554			Yes
279847	Hu Ji	胡佶	1549			No
279848	Hu Chuan	胡傳	1553			No
279849	Hu You	胡佑	1553			No
279850	Hu Shen	胡伸	1553			No
279851	Hu Bin	胡儐	1553			No
279853	Hu Zhi	胡值	1553			No
279854	Hu Qiao	胡僑	1553			No
279856	Hu Feng	胡俸	1553			No
279857	Hu He	胡何	1553			No
30657	Huang Chunyao	黃淳耀	1645	1605	1645	No
30658	Huang Yuanyao	黃淵耀	1645	0	1645	No
55104	Hou Dongceng	侯峒曾	1645	1591	1645	No
133451	Gui Zigu	歸子顧	1618	1559	1628	No
54958	Huang Yuanjie	黃媛介	1650			Yes
122665	Huang Chenghao	黃承昊	1631			No
122672	Huang Shuanghui	黃雙蕙	1661			Yes
337993	Huang Zong	黃錝	1571			No
337994	Ye Shi(Mother of Huanghongxian)	葉氏(黃洪憲母)	1574			Yes
337999	Huang Hongye	黃洪業	1603			No
338000	Huang Hongdu	黃洪度	1599			No
338001	Huang Hongde	黃洪德	1599			No
338002	Huang Hongxuan	黃洪宣	1599			No
338003	Huang Hongshao	黃洪韶	1599			No
30667	Huang Luzeng	黃魯曾	1536	1487	1561	No
30668	Huang Shengzeng	黃省曾	1540	1490	1540	No
30674	Huang Zuo	黃佐	1549	1490	1566	No
34649	Cui Xian(4)	崔銑	1537	1478	1541	No
34701	Lu Can	陸粲	1551	1494	1551	No
34705	Li Guan	黎貫	1547			No
68374	Xue Kan	薛侃	1545		1545	No
129442	Tang Zhou	唐胄	1532			No
131017	Chen Xi	陳錫	1535			No
131301	Tu Yingjun	屠應埈	1546	1502	1546	No
131408	Huang Zhong	黃衷	1526			No
132922	Liu Jie	劉節	1535	1476	1555	No
133084	Mu Konghui	穆孔暉	1538	1479	1539	No
283184	Li Shi(Wife of Huangzuo)	李氏(黃佐妻)	1552			Yes
30676	Huangfu Lu	皇甫錄	1526	0	0	No
30679	Huangfu Chong	皇甫沖	1549	1490	1558	No
30680	Huangfu Xiao	皇甫涍	1546	1497	1546	No
30681	Huangfu Fang	皇甫汸	1566	1497	1582	No
30682	Huangfu Lian	皇甫濂	1564	1508	1564	No
266978	Huangfu Jin	皇甫金	1528			No
130827	Chen Rulun	陳如綸	1562			No
290228	Huangfu Lu	皇甫錄	1526			No
290233	Huangfu Chong	皇甫沖	1554			No
291482	Huang Shi(Mother of Huangfuxiao)	黃氏(皇甫涍母)	1529			Yes
291483	Liu Shi(Wife of Huangfuxiao)	劉氏(皇甫涍妻)	1559			Yes
291488	Huangfu Huan	皇甫桓	1586			No
291489	Huangfu Zhen	皇甫楨	1586			No
34668	Wang Tingchen	王廷陳	1547	0	0	No
34700	Wang Shenzhong	王慎中	1559	1509	1559	No
68133	Fei Hong	費宏	1527	1468	1535	No
68236	Huo Tao	霍韜	1540	1487	1540	No
125413	Zhao Wenhua	趙文華	1558			No
126556	Wang Yansu	王延素	1551	1492	1562	No
127071	Shi Ji	史際	1554	1495	1571	No
128131	Wu Zixiao	吳子孝	1555	1496	1563	No
128888	Zhou Fujun	周復俊	1555	1496	1574	No
129240	Yu Xian	兪憲	1568			No
129993	Xu Jin	徐縉	1535			No
130118	Xu Zonglu	許宗魯	1539	1490	1539	No
131684	Wen Jingkui	溫景葵	1566	1507	1576	No
131993	Dong Yiyang	董宜陽	1569	1510	1572	No
132272	Xiong Fu	熊桴	1566	1507	1569	No
132594	Cai Guoxi	蔡國熙	1589			No
132768	Liu Cai	劉采	1559	1500	1573	No
133153	Xie Pi	謝丕	1541	1482	1556	No
133630	Gu Kejiu	顧可久	1544	1485	1563	No
133673	Gu Menggui	顧夢圭	1558	1500	1558	No
290229	Huang Shi(Mother of Huangfupang)	黃氏(皇甫汸母)	1529			Yes
290231	Shen Shi(Wife of Huangfupang)	沈氏(皇甫汸妻)	1559			Yes
290232	Tan Shi(Wife of Huangfupangji)	談氏(皇甫汸繼妻)	1559			Yes
305749	Huang Shi(Mother of Huangfulian)	黃氏(皇甫濂母)	1540			Yes
305751	Gu Shi(Wife of Huangfulian)	顧氏(皇甫濂妻)	1570			Yes
30691	Feng Ruoyu	馮若愚	1625	0	0	No
30719	He Gongren	何恭人	1635	0	0	Yes
30720	He Yufan	何宇藩	1613	0	0	No
30690	Feng Jizhao	馮季兆	1584	0	0	No
30694	Feng Yuanbiao	馮元飆	1652	0	0	No
30695	Feng Yuanliu	馮元飂	1646	1622	1646	No
30697	Liu Yingqi	劉應期	1649	0	1649	No
30702	Liu Zhiguan	劉志冠	1609	0	0	No
30715	Huang Zonghui	黃宗會	1663	1618	1663	No
30701	Liu Tingbao	劉廷裒	1565	0	0	No
30708	Huang Zunsu	黃尊素	1626	1584	1626	No
30709	Huang Yuezhong	黃曰中	1616	0	0	No
30711	Yao Shi(Wife of Huang Zun Su )	姚氏(黃尊素妻)	1642			Yes
30713	Huang Zongxi	黃宗羲	1669	1610	1695	No
30714	Huang Zongyan	黃宗炎	1674	1615	1686	No
30717	Huang Zongyuan	黃宗轅	1650	0	0	No
30718	Huang Zongyi	黃宗彝	1651	0	0	No
30712	Yao Kejun	姚克俊	1623	0	0	No
30722	Yao Fengxiang	姚鳳翔	1606	0	0	No
30601	Xu Shiqi	徐石麒	1637	1578	1645	No
33214	Zhou Maolan	周茂蘭	1664	1605	1686	No
34144	Dong Yunlin	董允璘	1671	1636	1671	No
34148	Wan Bangfu	萬邦孚	1604	1544	1628	No
34161	Wan Tai	萬泰	1657	1598	1657	No
62014	Zhang Zhengchen	章正宸	1646		1646	No
65887	Zhang Huangyan	張煌言	1664	1620	1664	No
128987	Shi Bangyao	施邦曜	1644	1585	1644	No
30734	Ni Yuanlu	倪元璐	1644	1593	1644	No
30754	Ni Dong	倪涷	1604	0	0	No
30756	Ni B	倪B	1642	0	0	No
127031	Zuo Guangdou	左光斗	1625	1575	1625	No
30755	Ni Yuangong	倪元珙	1652	0	0	No
30847	Gao Gong	高拱	1569	1510	1578	No
203003	Gao Jie	高捷	1561	1502		No
298235	Gao Shangxian	高尚賢	1531			No
298240	Gao Duo	高掇	1563			No
298242	Gao Cai	高才	1571			No
298243	Gao Jian	高揀	1571			No
302176	Shen Shi(Mother of Gaogong)	沈氏(高拱母)	1542			Yes
302177	Zhang Shi(Wife of Gaogong)	張氏(高拱妻)	1572			Yes
302180	Gao Cao	高操	1571			No
30850	Gao Shiru	高世儒	1651	0	0	No
34742	Gu Xiancheng	顧憲成	1609	1550	1612	No
34743	Gu Yuncheng	顧允成	1607	1554	1607	No
34744	Feng Congwu	馮從吾	1615	1556	1627	No
68454	Zhou Sijian	周思兼	1577			No
125581	Li Cai	李材	1592			No
126347	Yu Kongjian	于孔兼	1610			No
126603	Wang Shugu	王述古	1617	1564	1617	No
33171	Qi Chenghan	祁承㸁	1644	0	0	No
33173	Qi Zhaijia	祁豸佳	1665	0	0	No
33172	Qi Biaojia	祁彪佳	1645	1602	1645	No
33174	Qi Bansun	祁班孫	1673		1673	No
55950	Qi Deqiong	祁德瓊	1662	1628	1662	Yes
55954	Qi Dechai	祁德茝	1661	1628	1661	Yes
55966	Zhu Shouyi	朱壽宜	1646			No
33186	Qian Dehong	錢德洪	1565	1496	1574	No
294847	Qian Meng	錢蒙	1525			No
294848	Ma Shi(Mother of Qiandehong)	馬氏(錢德洪母)	1528			Yes
294849	Zhu Shi(Wife of Qiandehong)	諸氏(錢德洪妻)	1558			Yes
294850	Qian Dezhong	錢德忠	1553			No
294852	Qian Dezhao	錢德昭	1553			No
294853	Qian Deshu	錢德恕	1553			No
294854	Qian Dezhang	錢德章	1557			No
294855	Qian Dezhou	錢德周	1557			No
294856	Qian De??	錢德𠑽	1557			No
294857	Qian Yingzhi	錢應制	1585			No
294858	Qian Yingdu	錢應度	1585			No
294859	Qian Yingle	錢應樂	1585			No
33215	Zhou Shunchang	周順昌	1626	1584	1626	No
33218	Zhou Kexian	周可賢	1613	0	0	No
33217	Zhou Guan	周冠	1583	0	0	No
33709	Lu Lizhi	盧立志	1592	0	0	No
33711	Lu Xiangjin	盧象晉	1643	0	0	No
33712	Lu Xiangguan	盧象觀	1643	0	0	No
33713	Lu Xiangtong	盧象同	1643	0	0	No
33710	Lu Xiangsheng	盧象昇	1638	1600	1638	No
33793	Lu Song(2)	陸松	1532	0	0	No
33794	Lu Bing	陸炳	1560	0	1560	No
33795	Lu Wei	陸煒	1574	0	0	No
33809	Lu Yi(5)	陸繹	1592	0	0	No
33810	Lu Cai(2)	陸綵	1596	0	0	No
33811	Lu Kui	陸逵	1616	0	0	No
33821	Lu Jie(3)	陸杰	1544	0	0	No
33822	Lu Guangji	陸光畿	1574	0	0	No
33823	Lu Zaiting	陸在廷	1604	0	0	No
33824	Lu Zaiqian	陸在前	1619	0	0	No
33825	Lu Ao(2)	陸鏊	1655	0	0	No
33827	Lu Gao	陸杲	1557	0	0	No
33831	Lu Guangzuo	陸光祚	1589	0	0	No
33835	Lu Guangyu	陸光裕	1591	0	0	No
33836	Lu Guangtuo	陸光它	1600	0	0	No
302475	Lu Song	陸淞	1527			No
302476	Wang Shi(Mother of Lugao)	王氏(陸杲母)	1530			Yes
302478	Lu Kai	陸楷	1559			No
302479	Lu Dong	陸東	1559			No
302480	Lu Jie	陸杰	1559			No
302482	Lu Fei	陸棐	1559			No
302483	Lu Zhang	陸樟	1559			No
302484	Lu Gai	陸概	1559			No
302485	Lu Ji	陸集	1555			No
302486	Lu Bing	陸炳	1555			No
302487	Lu Wei	陸煒	1555			No
302488	Lu Biao	陸標	1555			No
302489	Lu Qing	陸檠	1555			No
33829	Lu Jizhong	陸基忠	1610	0	0	No
33830	Lu Jishu	陸基恕	1614	0	0	No
311516	Lu Gao	陸杲	1550			No
311517	Shen Shi(Grandmother of Luguang)	沈氏(陸光祖母)	1553			Yes
311519	Tao Shi(Wife of Luguangzu)	陶氏(陸光祖妻)	1583			Yes
311520	Lu Guangyu	陸光裕	1582			No
311521	Lu Guangzuo	陸光祚	1582			No
311522	Lu Guangru	陸光儒	1582			No
311523	Lu Guangbi	陸光弼	1582			No
311524	Lu Guangzhai	陸光宅	1582			No
33841	Lu Shen(4)	陸深	1536	1477	1544	No
129192	Chai Qi	柴奇	1529	1470	1542	No
129219	Yu Tai	兪泰	1532			No
129471	Tang Jin	唐錦	1534	1475	1554	No
129852	Lun Yixun	倫以訓	1546	1499	1546	No
130149	Xu Zan	許讃	1532	1473	1548	No
130981	Chen Fengwu	陳鳳梧	1534	1475	1541	No
133321	Xiao Shixian	蕭世賢	1528	1478	1528	No
133567	Su Min	蘇民	1535	1476	1538	No
272797	Mei Shi(Wife of Lushen)	梅氏(陸深妻)	1539			Yes
272798	Lu Han	陸涵	1534			No
272799	Lu Lan	陸瀾	1534			No
272800	Lu Mian	陸沔	1534			No
272801	Lu Huai	陸淮	1534			No
272802	Lu Zhe	陸浙	1534			No
272803	Lu Yue	陸瀹	1534			No
272804	Lu Yi	陸沂	1534			No
272805	Lu Rong	陸溶	1538			No
272807	Lu Mo	陸漠	1538			No
272808	Lu Wei	陸渭	1538			No
272809	Lu He	陸河	1538			No
272810	Lu Pu	陸溥	1538			No
272811	Lu Tuan	陸慱	1538			No
272812	Lu Zhou	陸洲	1538			No
33844	Lu Shude	陸樹德	1581	1522	0	No
33845	Lu Yanzhang	陸彥章	1619			No
34728	Shen Li(2)	沈鯉	1590	1531	1615	No
67158	Lin Qian	林燫	1580		1580	No
68215	Chen Yiqin	陳以勤	1570	1511	1586	No
68303	Pan En	潘恩	1555	1496	1582	No
68367	Cao Bangfu	曹邦輔	1566	1507	1576	No
68548	Xu Zhi	徐陟	1584		1584	No
124343	Wan Shihe	萬士和	1576	1517	1587	No
125584	Li Yi	李頤	1602		1602	No
126676	Wang Ji	王基	1595			No
127221	Zhu Dashao	朱大韶	1576	1517	1577	No
128403	He Liangfu	何良傅	1562	1509	1562	No
128954	Hong Chaoxuan	洪朝選	1575	1516	1582	No
129162	Fan Weiyi	范惟一	1569	1510	1584	No
129977	Xu Yangzheng	徐養正	1571			No
130490	Zhang Gun	張袞	1546	1487	1564	No
130540	Zhang Jingxian	張景賢	1568			No
130554	Zhang Dian	張電	1547	1497	1547	No
131106	Mo Ruzhong	莫如忠	1568	1509	1589	No
131680	Wen Renhe	溫仁和	1534	1475	1543	No
131859	Yang Quan	楊銓	1566	1507	1575	No
131981	Ye Tang	葉鏜	1571			No
133638	Gu Dingfang	顧定芳	1548	1489	1554	No
135598	Zhang Gun	張袞	1551			No
331416	Lin Hu	林鵠	1551			No
331417	Shen Shi(Mother of Linshude)	沈氏(林樹德母)	1554			Yes
331418	Xue Shi(Wife of Linshude)	薛氏(林樹德妻)	1584			Yes
331419	Dong Shi(Wife of Linshudeji)	董氏(林樹德繼妻)	1584			Yes
331420	Lin Shufang	林樹芳	1579			No
331422	Lin Shusheng	林樹聲	1579			No
34634	Bian Gong	邊貢	1532	1476	1532	No
34637	Liu Lin	劉麟	1534	1475	1561	No
34645	Kang Hai	康海	1534	1475	1540	No
34646	He Tang(2)	何瑭	1533	1474	1543	No
68052	Zhang Shilong	張士隆	1525	1475	1525	No
68082	Zhou Guang	周廣	1531	1474	1531	No
68123	Hu Lian	胡璉	1543		1543	No
68140	Li Shi	李時	1530	1471	1538	No
68192	Wang Wensheng	汪文盛	1543		1543	No
68197	Qin Jin	秦金	1526	1467	1544	No
68246	Wang Tingxiang	王廷相	1533	1474	1544	No
68255	Liu Tianhe	劉天和	1544	1485	1545	No
68262	Wang Bangrui	王邦瑞	1554	1495	1561	No
68295	Sun Yingkui	孫應奎	1570		1570	No
68300	Wan Tang	萬鏜	1544	1485	1565	No
68310	Kou Tianxu	寇天敍	1533	1480	1533	No
68316	Pan Zhen	潘珍	1536	1477	1548	No
68319	Pan Dan	潘旦	1535	1476	1549	No
68322	Yu Guang	余光	1562			No
68330	Zhai Peng	翟鵬	1540	1481	1545	No
68332	Lv Jing	呂經	1535	1476	1544	No
68340	Sun Mao	孫懋	1551		1551	No
68342	Wang Gao	王杲	1544			No
68343	Wang Wei	王暐	1547			No
68358	Zhu Wan	朱紈	1549	1494	1549	No
68375	Cheng Qichong	程啟充	1538			No
68415	Liu Zui	劉最	1548		1548	No
68485	Yuan Zongru	袁宗儒	1539		1539	No
68504	Zhao Jin	趙錦	1547			No
68537	Xie Yu	謝瑜	1562			No
126440	Wang Jiusi	王九思	1527	1468	1551	No
126964	Mao Siyi	毛思義	1532			No
127040	Zuo Jing	左經	1527	1468	1528	No
127080	Tian Yu	田玉	1551			No
127196	An Guo	安國	1534	1481	1534	No
127810	Li Tingxiang	李廷相	1540	1481	1544	No
127904	Li Mian	李冕	1549	1490	1563	No
128074	Li Duo	李鐸	1532			No
128161	Wu Jiang	吳江	1526			No
128205	Wu Zhang	吳章	1551			No
128323	Lv Lun	呂綸	1551			No
128571	Lin Wenjun	林文俊	1536	1487	1536	No
128583	Lin Youfu	林有孚	1541			No
128853	Zhou Zuo	周祚	1539	1480	1549	No
128905	Zhou Man	周滿	1562			No
128921	Zhou Chong	周衝	1532	1486	1532	No
128960	Xi Guang	洗光	1526			No
129103	Ke Xiang	柯相	1547			No
129342	Yao Jiyan	姚繼巖	1535			No
129570	Ma Yang	馬敭	1551			No
129688	Qin Yue	秦鉞	1540	1482	1540	No
129779	Sun Feng	孫鳳	1525	1466		No
130374	Zhang Yu	張羽	1529	1470	1533	No
130377	Zhang Guangzu	張光祖	1562			No
130389	Zhang Qian	張芊	1547			No
130446	Zhang Xing	張星	1547			No
130561	Zhang Nan	張楠	1535	1476	1548	No
130608	Zhang Qian	張潛	1526	1472	1526	No
130682	Zhang Xuan	張璿	1536	1477	1542	No
130831	Chen Liangmo	陳良謨	1541	1482	1572	No
130947	Chen Shi	陳軾	1535			No
131267	Yun Fu	惲釜	1543	1484	1556	No
131282	Xiang Qiao	項喬	1553	1494	1553	No
131291	Min Kai	閔楷	1535			No
131355	Sheng Duanming	盛端明	1529	1470	1550	No
131790	Yang Shuqi	楊叔器	1551			No
131857	Yang Weicong	楊維聰	1559	1500		No
131913	Ge Tan	葛覃	1534	1482	1534	No
131987	Dong Tianxi	董天錫	1526			No
132005	Dong Qi	董琦	1535			No
132043	Zou Shouyi	鄒守益	1550	1491	1562	No
132286	Luo Ang	雒昂	1538	1479	1545	No
132400	Zheng Jie	鄭傑	1528	1469	1530	No
132588	Cai Zongyan	蔡宗兗	1547			No
132700	Liu Shi	劉仕	1551			No
132817	Liu Huai	劉淮	1547			No
132927	Liu Long	劉龍	1536	1477	1553	No
33869	Ma Yuandiao	馬元調	1636	0	0	No
54130	Gu Ruopu	顧若璞	1651	1592	1681	Yes
33901	Ou Daren	歐大任	1575	1516	1595	No
126750	Wang Ying	王瑛	1562			No
130027	Liang Youyu	梁有譽	1580			No
133379	Zhong Shanjing	鍾善經	1541			No
34132	Song Xun	宋纁	1581	1522	1591	No
324756	Song Ni	宋霓	1597			No
324757	Jin Shi(Mother of Songxun)	靳氏(宋纁母)	1600			Yes
324760	Zhu Shi(Wife of Songxun)	朱氏(宋纁妻)	1584			Yes
324761	Song Zhao	宋照	1629			No
324763	Song Xu	宋煦	1629			No
34141	Dong Decheng	董德稱	1666	0	0	No
34147	Dong Yinggui	董應圭	1639	0	0	No
34146	Dong Guangheng	董光亨	1606	0	0	No
34149	Dong Yingji	董應稷	1643	0	0	No
34150	Fan Hong(4)	范鴻	1640	0	0	No
34151	Chen Zongxian	陳宗憲	1641	0	0	No
34152	Fu Jin(3)	傅錦	1642	0	0	No
34153	Wen Shichen	聞世琛	1643	0	0	No
34167	Wan Dafu	萬達甫	1586	0	0	No
132261	Xiong Ruda	熊汝達	1578	1519	1585	No
34215	Sun Shenxing	孫慎行	1624	1565	1636	No
34216	Sun K	孫K	1594	0	0	No
34219	Tang Shunzhi	唐順之	1560	1507	1560	No
34218	Tang Bao	唐寶	1536	0	0	No
34712	Wang Lidao	王立道	1547	1510	1547	No
67928	Wang Huan	王渙	1526			No
68312	Zhou Jin	周金	1532	1473	1546	No
123192	Dong Qi	董玘	1535			No
128229	Wu Jie	吳傑	1526	1467	1544	No
128630	Lin Hua	林華	1562			No
131135	Feng Tianyu	馮天馭	1565			No
131927	Wan Ji	萬吉	1541	1482	1544	No
132587	Cai Kelian	蔡克廉	1559			No
208756	Tang Bao	唐珤	1536			No
287338	Ren Shi(Mother of Tangshunzhi)	任氏(唐順之母)	1539			Yes
287339	Zhuang Shi(Wife of Tangshunzhi)	莊氏(唐順之妻)	1569			Yes
287340	Tang Zhengzhi	唐正之	1568			No
208758	Zhuang Shi(Mother of Tanghezheng)	莊氏(唐鶴徵母)	1570			Yes
208760	Wan Shi(Wife of Tanghezheng)	萬氏(唐鶴徵妻)	1600			Yes
208761	Tang Xizheng	唐錫徵	1599			No
208762	Tang Kuizheng	唐魁徵	1599			No
208763	Tang Fuzheng	唐復徵	1599			No
34252	Gu Yanwu	顧炎武	1672	1613	1682	No
123958	Qian Zuozheng	錢祚徵	1641		1641	No
34258	Gu Ji	顧濟	1547			No
133667	Gu Qin	顧溱	1551			No
280673	Gu Yuan	顧源	1549			No
280674	Gu Tai	顧溙	1549			No
280676	Gu Zhan	顧沾	1549			No
280677	Gu Jin	顧津	1545			No
280678	Gu Ying	顧濙	1545			No
280679	Gu Yi	顧沂	1545			No
280680	Gu Guan	顧灌	1545			No
280681	Gu Chun	顧淳	1545			No
280682	Gu Zhun	顧準	1545			No
280683	Gu Yuan	顧淵	1545			No
280684	Gu Chao	顧潮	1545			No
280685	Gu Han	顧瀚	1545			No
280687	Gu Ru	顧濡	1545			No
280688	Gu Yan	顧演	1545			No
34260	Gu Shaofang	顧紹芳	1607	0	0	No
34261	Gu Shaofu	顧紹芾	1622	1563	1641	No
129208	Yu Yunwen	兪允文	1572	1513	1579	No
316068	Gu Ji	顧濟	1552			No
316069	Lu Shi(Mother of Guzhangzhi)	陸氏(顧章志母)	1555			Yes
316070	Wang Shi(Wife of Guzhangzhi)	王氏(顧章志妻)	1585			Yes
316071	Gu Zong	顧樅	1580			No
34262	Gu Tongde	顧同德	1637	0	0	No
65625	Li Chengliang	李成梁	1585	1526	1618	No
125136	Zhu Heng	朱衡	1571	1512	1584	No
127026	Gan Yu	甘雨	1607			No
127887	Li Lai	李淶	1601			No
128351	Yu Youding	余有丁	1584	1527	1584	No
128965	Jiang Shichang	姜士昌	1610			No
129894	Xu Shen	徐申	1607	1548	1614	No
131146	Feng Zi	馮孜	1598			No
131494	Fei Shangyi	費尚伊	1607			No
216298	Gu Zhangzhi	顧章志	1577			No
216299	Wang Shi(Mother of Gushaofang)	王氏(顧紹芳母)	1580			Yes
216304	Gu Shaokui	顧紹夔	1605			No
216305	Gu Shaofei	顧紹芾	1605			No
216306	Gu Shaofen	顧紹芬	1605			No
34265	Gu Tongji	顧同吉	1595	0	0	No
34264	Gu Xiang	顧緗	1642	0	1642	No
34287	Ding Shimei	丁士美	1589	0	0	No
34288	Ding Ru	丁儒	1559	0	0	No
34289	Ding Youyin	丁有殷	1639	0	0	No
322953	Ding Ru	丁儒	1559			No
322954	Zhong Shi(Mother of Dingshimei)	仲氏(丁士美母)	1562			Yes
322957	Ding Shiliang	丁士良	1587			No
271974	Yan Shi(Wife of Zhangzheng)	嚴氏(章拯妻)	1541			Yes
271975	Zhang Kuo	章擴	1536			No
271976	Zhang Jie	章捷	1536			No
271977	Zhang Gong	章拱	1536			No
271978	Zhang Bin	章擯	1536			No
271979	Zhang Ze	章擇	1536			No
437950	Yan Shi(zhangzhengqi)	嚴氏(章拯妻)	1541			Yes
437951	Zhang Xu	章詡	1568			No
437952	Zhang Shi	章試	1568			No
437953	Zhang Ai	章藹	1568			No
437955	Wang Shi(zhangzhengqi)	王氏(章拯妻)	1541			Yes
437956	Zhang Dan	章膽	1568			No
437957	Chen Shi(zhangzhengqie)	陳氏(章拯妾)	1541			Yes
437958	Zhang Anzhen	章安貞	1568			Yes
437961	Zhang Jianzheng	章漸正	1568			No
437963	Zhang Shi(wangyongshouqi)	章氏(王用守妻)	1568			Yes
34543	Huang Rujin	黃如金	1535	0	0	No
274623	Huang Mou	黃某	1533			No
274624	Huang Mou	黃某	1533			No
274625	Huang Mou	黃某	1533			No
274626	Huang Mou	黃某	1533			No
274627	Huang Mou	黃某	1533			No
274628	Huang Rufu	黃如阜	1533			No
34614	Fang Chongxi	方重熙	1546	0	0	No
34615	Fang Chonggeng	方重耿	1552	0	0	No
34619	Fang Shuyou	方叔猷	1579	0	0	No
34620	Fang Youji(2)	方攸躋	1580	0	0	No
34621	Fang Han	方瀚	1582	0	0	No
34622	Fang Hang	方沆	1598	0	0	No
314193	Fang Zhongxi	方重熙	1550			No
314196	Weng Shi(Mother of Fangyouji)	翁氏(方攸躋母)	1553			Yes
314198	Fang Youxi	方攸塈	1582			No
314199	Fang Shuyou	方叔猷	1582			No
314200	Fang Youning	方攸寧	1578			No
314201	Fang Youyi	方攸宜	1578			No
314202	Fang Youju	方攸居	1578			No
314203	Fang Youxu	方攸敘	1578			No
314204	Fang Youtong	方攸同	1578			No
314205	Fang Youbin	方攸賓	1578			No
34624	Li Mengyang	李夢陽	1531	1475	1531	No
34626	Li Zhi(13)	李枝	1564	0	0	No
68023	Dai Xi	戴銑	1526			No
126860	Wang Jin	王藎	1526			No
127408	Zhu Yingdeng	朱應登	1526	1477	1526	No
263978	Zuo Shi(Wife of Limengyang)	左氏(李夢陽妻)	1537			Yes
263979	Li Menghe	李孟和	1532			No
263980	Li Mengchun	李孟春	1532			No
263982	Li Mengzhang	李孟章	1536			No
34627	Zheng Yue	鄭岳	1527	1468	1539	No
263845	Ye Shi(Wife of Zhengyue)	葉氏(鄭岳妻)	1530			Yes
263846	Zheng Ruhou	鄭汝厚	1525			No
34631	Gu Lin(2)	顧璘	1535	1476	1545	No
34633	Gu Luxiang	顧履祥	1595	0	0	No
67942	Li Kun	李昆	1530	1471	1532	No
69276	Wu Shan	吳山	1529	1470	1542	No
126421	Fang Peng	方鵬	1529	1470		No
126599	Wang Wei	王韋	1535			No
126743	Wang Dao	王道	1546	1487	1547	No
126867	Wang Chong	王寵	1533	1494	1533	No
126982	Niu Feng	牛鳳	1541			No
127866	Li Zhong	李重	1528	1469	1548	No
128749	Jin Xian	金賢	1532			No
130980	Chen Feng	陳鳳	1565			No
269338	Shen Shi(Wife of Gulin)	沈氏(顧璘妻)	1538			Yes
269340	Gu Cong	顧琮	1533			No
269341	Gu Xuan	顧璇	1537			No
269342	Gu Zan	顧瓚	1537			No
269343	Gu Tang	顧瑭	1537			No
269344	Gu Li	顧瑮	1537			No
269345	Gu Jin	顧瑾	1537			No
269346	Gu Jie	顧玠	1537			No
269347	Gu Heng	顧珩	1537			No
122849	Hu Shi(Wife of Bian Gong)	胡氏(邊貢繼室)	1538			Yes
269643	Chai Shi(Wife of Biangong)	柴氏(邊貢妻)	1538			Yes
269644	Hu Shi(Wife of Biangongji)	胡氏(邊貢繼妻)	1538			Yes
269645	Bian Fu	邊賦	1537			No
269408	Hu Shi(Wife of Liulin)	胡氏(劉麟妻)	1537			Yes
34638	Zhang Yu(19)	張羽	1526	0	0	No
34639	Zhang Chong(4)	張翀	1535	0	0	No
34640	Zhang Hui(12)	張	1544	0	0	No
275246	Zhang Yinyu	張尹羽	1533			No
275249	Zhang Yuhui	張羽惠	1533			No
275251	Zhang Hanjian	張翰翦	1533			No
275254	Zhang Yu	張翑	1533			No
275256	Zhang Xie	張翓	1533			No
34644	Hang Wei	杭洧	1539	0	0	No
68348	Chen Jiuchou	陳九疇	1532			No
123183	Kang Shi(Wife of Zhang Zhiju)	康氏(張之榘妻)	1564			Yes
126857	Wang Ou	王謳	1547			No
127141	Bai Yue	白悅	1551	1498	1551	No
127842	Li Jue	李珏	1540	1481	1549	No
130404	Zhang Zhidao	張治道	1546	1487	1556	No
130588	Zhang Jiamo	張嘉謨	1531	1472	1533	No
201857	Kang Hao	康浩	1538	1479		No
269779	Shang Shi(Wife of Kanghai)	尚氏(康海妻)	1537			Yes
269780	Kang Fu	康阜	1532			No
269781	Kang Huai	康淮	1532			No
269782	Kang Hong	康浤	1532			No
269784	Kang Ze	康澤	1532			No
269785	Kang Run	康潤	1536			No
269787	Kang Han	康瀚	1540			No
269788	Kang Chun	康淳	1540			No
269789	Kang Yang	康洋	1540			No
269790	Kang Ying	康瀛	1536			No
67927	Xu Gao	許誥	1530	1471	1534	No
68258	Huang Wan	黃綰	1539	1480	1554	No
130193	Guo Weifan	郭維藩	1534	1475	1537	No
130523	Zhang Yun	張雲	1532			No
270245	Zhou Shi(Wife of Hetang)	周氏(何瑭妻)	1536			Yes
270246	He Zhang	何璋	1535			No
34647	Pan Xizeng	潘希曾	1532	1476	1532	No
202413	Pan Hui	潘徽	1554	1495		No
271633	Ye Shi(Wife of PanxiZeng)	葉氏(潘希曾妻)	1538			Yes
271634	Pan Xishi	潘希奭	1533			No
271635	Pan Rong	潘榮	1533			No
271636	Pan Xiyan	潘希顏	1533			No
271637	Pan Zhi	潘植	1537			No
287717	Pan Shao	潘紹	1556			No
437911	Pan Chenghu	潘承祜	1584			No
437912	Pan Chengsi	潘承禠	1584			No
437913	Zhang Shi(panxizengqie)	章氏(潘希曾妾)	1538			Yes
437915	Ge Shi(panxizengqie)	葛氏(潘希曾妾)	1538			Yes
437916	Pan Shou	潘綬	1565			No
437920	Pan Chengxiang	潘承祥	1584			No
34658	Xia Shangpu	夏尚樸	1549	0	0	No
68056	Chen Ding	陳鼎	1535			No
68293	Liu Ren	劉訒	1543	1484	1559	No
68294	Hu Zuanzong	胡纘宗	1539	1480	1560	No
68326	Pan Xun	潘塤	1535	1476	1562	No
68337	Zhu Chang	朱裳	1539	1482	1539	No
68477	Wang Yingzhen	汪應軫	1547			No
126692	Wang Shen	王莘	1535	1476	1545	No
126716	Wang Yaofeng	王堯封	1535			No
126988	Chou Pu	仇朴	1532	1473	1540	No
127525	Wang Yuan	汪淵	1541			No
127536	Wang Hong	汪鋐	1532			No
127930	Li Kaixian	李開先	1561	1502	1568	No
128596	Lin Xiyuan	林希元	1547			No
128999	Shi Ru	施儒	1537	1478	1539	No
129463	Tang Rong	唐榮	1526			No
129562	Ma Qing	馬卿	1536	1499	1536	No
130728	Tao Zhao	陶照	1527	1468	1534	No
130930	Chen Ce	陳策	1535			No
131022	Chen Jiang	陳講	1551			No
131469	Huang Zhong	黃鍾	1541			No
132242	Zhao Kun	趙鯤	1559			No
132602	Cai Chao	蔡潮	1526	1467	1549	No
133576	Su You	蘇祐	1551	1492	1571	No
133688	Gu Duo	顧鐸	1547			No
272723	Li Shi(Wife of Cuixi)	李氏(崔銑妻)	1540			Yes
272724	Cui Xuan	崔鉉	1539			No
272725	Cui Yi	崔釴	1539			No
34652	Han Bangqi	韓邦奇	1538	1479	1555	No
126247	Dai Guan	戴冠	1538			No
127072	Shi Baoshan	史褒善	1562			No
129506	Xia Bangmo	夏邦謨	1543	1484	1564	No
131507	Yu Maojian	喻茂堅	1541			No
34655	Xia Liangsheng	夏良勝	1538	1480	1538	No
130208	Guo Guan	郭灌	1535			No
67304	Jiang Long	姜龍	1538			No
118846	Huang Shi(Wife of Yang Shen)	黃氏(楊慎妻)	1547	1488	1566	Yes
275720	Wang Shi(Wife of Yangshen)	王氏(楊慎妻)	1550			Yes
275721	Yang Dun	楊惇	1549			No
275722	Yang Kai	楊愷	1549			No
275723	Yang Heng	楊恒	1549			No
275724	Yang Xun	楊恂	1549			No
275725	Yang Chen	楊忱	1549			No
275726	Yang Ti	楊悌	1549			No
275727	Yang Mou	楊某	1549			No
34660	Xu Xiangqing	許相卿	1538	1479	1557	No
129120	Zha Yue	查約	1532			No
131071	Lou Zhide	婁志德	1538	1479	1546	No
280578	Shen Shi(Wife of Huxiangqing)	沈氏(許相卿妻)	1541			Yes
280579	Li Shi(Wife of Huxiangqingji)	李氏(許相卿繼妻)	1541			Yes
280580	Hu Shiqing	許栻卿	1540			No
280581	Xu Qiangqing	許檣卿	1540			No
280582	Hu Huaiqing	許槐卿	1540			No
280583	Hu Caiqing	許材卿	1540			No
280584	Hu Hanqing	許榦卿	1540			No
280585	Hu Tongqing	許桐卿	1540			No
34663	Zhang Yue	張岳	1551	1492	1553	No
34664	Zhang Shen(6)	張慎	1534	0	0	No
34665	Zhang Feng(2)	張峰	1580	0	0	No
68282	Mao Bowen	毛伯溫	1541	1482	1545	No
68313	Ouyang Duo	歐陽鐸	1544	1487	1544	No
127125	Qiu Yanghao	丘養浩	1551			No
129944	Xu Qian	徐乾	1541			No
129988	Xu Yue	徐樾	1562			No
130915	Chen Chen	陳琛	1536	1477	1545	No
132339	Pan Rui	潘銳	1547			No
132600	Cai Jing	蔡經	1547			No
281561	Chen Shi(Wife of Zhangyue)	陳氏(張岳妻)	1554			Yes
281562	Zhang Song	張嵩	1553			No
281563	Zhang Kun	張崑	1553			No
281565	Zhang Chong	張崇	1553			No
281566	Zhang Feng	張峯	1553			No
34666	Zhang Ti(3)	張悌	1555	0	0	No
34667	Wang Ji(18)	王濟	1532	0	0	No
270232	Wang Lin	王麟	1534			No
270233	Wang Feng	王鳳	1534			No
270234	Wang Lian	王璉	1534			No
34669	Wang Tingzhan	王廷瞻	1589	0	0	No
279537	Wang Tinglu	王廷錄	1549			No
279538	Wang Tingji	王廷楫	1549			No
279539	Wang Tingmei	王廷梅	1549			No
279540	Wang Tingzhao	王廷詔	1549			No
279541	Wang Tingzan	王廷讚	1549			No
279543	Wang Tingru	王廷儒	1549			No
279544	Wang Tingqi	王廷器	1549			No
279545	Wang Tinghuai	王廷槐	1545			No
325987	Wang Ji	王濟	1559			No
325992	Wang Tingru	王廷儒	1591			No
325993	Wang Tingchen	王廷陳	1591			No
325994	Wang Tingyang	王廷楊	1587			No
325995	Wang Tingqian	王廷遷	1587			No
325998	Wang Tingdi	王廷第	1587			No
34677	Wen Peng	文彭	1557	1498	1573	No
34678	Wen Jia	文嘉	1560	1501	1583	No
34679	Wen Tai	文臺	1565	0	0	No
34687	Wen Boren	文伯仁	1561	1502	1575	No
123147	Wen Shi(Wife of Wang Zimei)	文氏(王子美妻)	1559			Yes
126516	Wang Tongzu	王同祖	1551	1497	1551	No
34680	Wen Yuanfa	文元發	1588	1529	1602	No
34681	Wen Yuanshan	文元善	1589	1554	1589	No
34683	Wen Zhenheng	文震亨	1644	1585	1645	No
34692	Wen Congjian	文從簡	1633	1574	1648	No
34684	Wen Bing	文秉	1668	1609	1669	No
34685	Wen Cheng	文乘	1646	1618	1646	No
34688	Wen Congchang	文從昌	1621	0	0	No
118005	Wen Shu	文淑	1663			Yes
34693	Wen Nan	文柟	1656	1597	1668	No
34699	Gao Zhongsi	高仲嗣	1550	0	0	No
127712	Du Ran	杜柟	1538	1489	1538	No
129613	Li Yinglin	栗應麟	1559			No
132528	Fan Jizu	樊繼祖	1541			No
34698	Li Shunchen(2)	李舜臣	1553	0	0	No
67526	Liu Yun	劉鈗	1535	1476	1541	No
68257	Wang Yiqi	王以旂	1545	1486	1553	No
68261	Fan Zong	范鏓	1547			No
68383	Li Sui	李遂	1566		1566	No
68475	Tong Hanchen	童漢臣	1565			No
68476	Zhou Tianzuo	周天佐	1541	1511	1541	No
127516	Wang Shangning	汪尚寧	1568	1509	1578	No
127945	Li Yuan	李源	1528	1469	1540	No
128378	Yu Kuang	余爌	1565			No
128682	Yi Shizhong	易時中	1542	1483	1558	No
128761	Ji Ben	季本	1544	1485	1563	No
129099	Hu Tiqian	胡體乾	1551			No
129216	Yu Zibo	兪咨伯	1562			No
129444	Tang Bao	唐珤	1532	1473	1555	No
130778	Chen Jiuchuan	陳九川	1553	1494	1562	No
131942	Wan Yukai	萬虞愷	1564	1505	1588	No
132774	Liu Xun	劉洵	1568			No
133218	Ying Jia	應檟	1553	1494	1554	No
68448	Qi Xian	戚賢	1551	1492	1571	No
34702	Luo Hongxian	羅洪先	1563	1504	1564	No
34703	Luo Xun	羅循	1529	0	0	No
68288	Hu Song	胡松	1562	1503	1566	No
68298	Nie Bao	聶豹	1545	1486	1563	No
68325	Li Zhong	李中	1537	1478	1542	No
68483	Liu Kui	劉魁	1546	1487	1553	No
69142	Jin Xueyan	靳學顏	1571	1515	1571	No
123685	Feng Weimin	馮惟敏	1566			No
128090	Cheng Zixue	成子學	1574			No
128406	He Tingren	何廷仁	1545	1486	1551	No
130774	Lu Wen	陸穩	1576	1517	1581	No
131243	Zeng Zhi	曾直	1526	1467	1547	No
131370	Huang Honggang	黃弘綱	1551	1492	1561	No
132788	Liu Xiuji	劉修己	1551	1515	1551	No
287313	Luo Xun	羅循	1533			No
287314	Li Shi(Mother of Luohongxian)	李氏(羅洪先母)	1536			Yes
287315	Zeng Shi(Wife of Luohongxian)	曾氏(羅洪先妻)	1566			Yes
287316	Luo Shouxian	羅壽先	1565			No
287317	Luo Juxian	羅居先	1565			No
34704	Yang Jue	楊爵	1549	1493	1549	No
68487	Ye Jing	葉經	1543	1505	1543	No
129357	Pu Hong	浦鋐	1541	1482	1542	No
288427	Li Shi(Mother of Yangjue)	李氏(楊爵母)	1525			Yes
288428	Zhang Shi(Wife of Yangjue)	張氏(楊爵妻)	1555			Yes
288432	Yang Jing	楊靖	1550			No
34706	Li Minbiao	黎民表	1577	0	0	No
34707	Li Minzhong	黎民衷	1580	0	0	No
34708	Li Minhuai	黎民懷	1583	0	0	No
282195	Li Zongrun	黎宗潤	1549			No
282198	Li Deshan	黎德善	1549			No
282199	Li Kuan	黎寬	1545			No
282200	Li Hou	黎厚	1545			No
282201	Li Shi	黎實	1545			No
282202	Li Zhi	黎質	1545			No
282203	Li Zhen	黎貞	1545			No
282204	Li Mao	黎貿	1545			No
320791	Li Guan	黎貫	1550			No
320792	Li Shi(Mother of Liminzhong)	李氏(黎民衷母)	1553			Yes
320794	Li Minbiao	黎民表	1582			No
320795	Li Minhuai	黎民懷	1578			No
320798	Li Minxiang	黎民襄	1578			No
320799	Li Minmou	黎民某	1578			No
320800	Li Minmou	黎民某	1578			No
34710	Yin Tai	尹臺	1565	0	0	No
124375	Wu Baipeng	吳百朋	1578	1519	1578	No
129845	Weng Pu	翁溥	1559			No
129986	Xu Pei	徐霈	1571			No
130210	Kang Taihe	康太和	1565			No
295078	Yin Shuang	尹爽	1535			No
295079	Liu Shi(Mother of Yintai)	劉氏(尹臺母)	1538			Yes
295081	Yin Kui	尹奎	1567			No
295082	Yin Shu	尹塾	1563			No
34711	Zhang Yongming	張永明	1558	1499	1566	No
297751	Zhang Jie	張傑	1528			No
297752	Shi Shi(Mother of Zhangyongming)	史氏(張永明母)	1531			Yes
297753	Yang Shi(Wife of Zhangyongming)	楊氏(張永明妻)	1561			Yes
297754	Zhang Yongzhong	張永忠	1556			No
297755	Zhang Yongen	張永恩	1556			No
297756	Zhang Yongxiu	張永秀	1556			No
297758	Zhang Yonghui	張永惠	1556			No
68471	Shen Liangcai	沈良才	1565			No
128613	Lin Tingang	林庭㭿	1531	1472	1541	No
295410	Wang Biao	王表	1539			No
295411	Zhu Shi(Mother of Wanglidao)	朱氏(王立道母)	1542			Yes
295412	Tang Shi(Wife of Wanglidao)	唐氏(王立道妻)	1572			Yes
295413	Wang Zhongdao	王重道	1571			No
295414	Wang Wangdao	王望道	1571			No
295415	Wang Tidao	王體道	1571			No
295416	Wang Youdao	王有道	1571			No
295417	Wang Shundao	王順道	1571			No
301382	Shen Bi	沈璧	1526			No
301383	Yu Shi(Mother of Shenlian)	俞氏(沈鍊母)	1529			Yes
301384	Xu Shi(Wife of Shenlian)	徐氏(沈鍊妻)	1559			Yes
301385	Shen Zhen	沈鎮	1554			No
301386	Shen Tang	沈鏜	1554			No
301387	Shen Zhou	沈銂	1554			No
301388	Shen Hao	沈鎬	1558			No
301389	Shen Zhong	沈鍾	1558			No
301390	Shen He	沈鉌	1558			No
301391	Shen Yi	沈鎰	1558			No
301393	Shen E	沈鍔	1558			No
34725	Zong Chen	宗臣	1560	1525	1560	No
35065	Wang Zongmu	王宗沐	1582	1523	1591	No
69152	Jin Xueceng	靳學曾	1574			No
129663	Yuan Fuzheng	袁福徵	1574			No
129886	Xu Zhonghang	徐中行	1576	1517	1578	No
131926	Wan Yi	萬衣	1577	1518	1598	No
133522	Luo Liang	羅良	1583			No
308422	Li Bao	李寶	1543			No
308424	Zhang Shi(Mother of Lipanlong)	張氏(李攀龍母)	1546			Yes
308425	Xu Shi(Wife of Lipanlong)	徐氏(李攀龍妻)	1576			Yes
308426	Li Denglong	李登龍	1571			No
308427	Li Yuelong	李躍龍	1571			No
308429	Li Hualong	李化龍	1575			No
308430	Li Chenglong	李成龍	1575			No
34715	Ren Huan	任環	1558	1519	1558	No
306522	Ren Ao	任翱	1548			No
306525	Wu Shi(Wife of Renhuan)	吳氏(任環妻)	1581			Yes
306526	Ren Qi	任琦	1576			No
34815	Yang S	楊S	1585	0	0	No
34816	Yang Yingwei	楊應尾	1585	0	0	No
34817	Yang Yingji	楊應箕	1590	0	0	No
118497	Zhang Shi(Wife of Yang Jisheng)	張氏(楊繼盛妻)	1578			Yes
308598	Yang Fu	楊富	1545			No
308599	Cao Shi(Mother of Yangjisheng)	曹氏(楊繼盛母)	1548			Yes
308600	Zhang Shi(Wife of Yangjisheng)	張氏(楊繼盛妻)	1578			Yes
308601	Yang Jichang	楊繼昌	1573			No
308602	Yang Jimei	楊繼美	1573			No
34718	Wang Shu(14)	王忬	1561	0	0	No
34723	Zhang Yuankai	張元凱	1570	0	0	No
34732	Wen Chun	溫純	1598	1539	1607	No
34737	Lu Nan	盧柟	1600	0	0	No
34738	Hu Yinglin	胡應麟	1602	1551	1602	No
35262	Yuan Zunni	袁尊尼	1595	0	0	No
68211	Yan Ne	嚴訥	1570	1511	1584	No
68213	Li Chunfang	李春芳	1569	1510	1584	No
68266	Zhang Cong	張璁	1534	1475	1539	No
68290	Hu Song	胡松	1549	1490	1572	No
68315	Wu Yue	吳嶽	1563	1504	1570	No
68324	Tao Dalin	陶大臨	1574	1527	1574	No
68338	Chen Cha	陳察	1539	1482	1539	No
68496	Wang Zongmao	王宗茂	1562	1511	1562	No
69113	Ma Sen	馬森	1566	1507	1580	No
69140	Ge Shouli	葛守禮	1564	1505	1578	No
123662	Feng Weina	馮惟訥	1572	1513	1572	No
124733	Xu Chi	徐栻	1581		1581	No
124850	Yuan Hongyu	袁洪愈	1575	1516	1589	No
124886	Wu Wenhua	吳文華	1580	1521	1598	No
125049	Zhang Jiayin	張佳胤	1586	1527	1588	No
125077	Li Qian	李遷	1570	1511	1582	No
125185	Pan Jixun	潘季馴	1580	1521	1595	No
125523	Song Yiwang	宋儀望	1575	1516	1580	No
126305	Ding Yizhong	丁以忠	1568			No
126439	Wang Yie	王一鶚	1583			No
126534	Wang Cai	王材	1567	1508	1584	No
126579	Wang Shugao	王叔杲	1576	1517	1600	No
126631	Wang Zudi	王祖嫡	1601			No
126642	Wang Ge	王格	1561	1502	1595	No
126838	Wang Ji	王積	1551	1492	1567	No
126851	Wang Yinglin	王應麟	1604	1545	1620	No
126886	Wang Jian	王鑑	1579	1520	1590	No
126991	Yue Tan	月潭	1533	1474	1586	No
127365	Zhu Mu?	朱睦㮮	1576	1517	1586	No
127523	Wang Huai	汪淮	1578	1519	1586	No
127593	Shen ??	沈𡹘	1560	1501	1568	No
128111	Xing Dong	邢侗	1610	1551	1612	No
128158	Wu Shize	吳世澤	1546	1488	1546	No
128264	Wu Weiyue	吳維嶽	1569	1514	1569	No
128301	Lv Ben	呂本	1563	1504	1587	No
128346	Yu Yuede	余曰德	1573	1514	1583	No
128456	He Qian	何遷	1560	1501	1574	No
128766	Ji Defu	季德甫	1574			No
128788	Zhou Tianqiu	周天球	1573	1514	1595	No
129364	Gao Shiyan	高世彥	1562			No
129726	Sun Yi	孫宜	1556	1507	1556	No
129828	Yin Dou	殷都	1613			No
129983	Xu Jie	徐節	1581	1526	1581	No
130076	Zhang Meizhong	章美中	1577			No
130281	Cao Kui	曹逵	1554	1495	1571	No
130530	Zhang Bo	張博	1595			No
130746	Lu Shidao	陸師道	1570	1511	1574	No
130797	Chen Wenzhu	陳文燭	1595			No
130921	Chen Yao	陳堯	1561	1502	1574	No
131029	Chen Liu	陳鎏	1565	1506	1575	No
131052	Chen Zuan	陳鑽	1577	1518	1588	No
131144	Feng Rubi	馮汝弼	1568	1499	1577	No
131163	Feng Mingong	馮敏功	1585	1526	1585	No
131268	Yun Shaofang	惲紹芳	1577			No
131505	Yu Jun	喻均	1598			No
131510	Yu Shi	喻時	1565	1506	1570	No
131542	Hua Shanshu	華善述	1606	1547	1609	No
131543	Hua Shanji	華善繼	1604	1545	1621	No
131753	Yang Shihua	楊世華	1584	1525	1603	No
132133	Zhao Dayou	趙大佑	1569	1510	1569	No
132140	Zhao Kongzhao	趙孔昭	1574			No
132158	Zhao Chengqian	趙承謙	1546	1487	1568	No
132351	Zheng Wenmao	鄭文茂	1587	1528	1587	No
132908	Liu Feng	劉鳳	1574			No
132923	Liu Ji	劉畿	1568	1509	1569	No
133102	Qian Bangyan	錢邦彥	1560	1501		No
133206	Jian Laiyu	蹇來譽	1577	1518	1596	No
133209	Jian Da	蹇達	1601	1542	1608	No
133460	Wei Yunzhong	魏允中	1610			No
133710	Gong Mian	龔勉	1598			No
134660	Wang Shisu	王士驌	1617			No
309375	Wang Yu	王忬	1555			No
309376	Yu Shi(Mother of Wangshizhen)	郁氏(王世貞母)	1558			Yes
309377	Wei Shi(Wife of Wangshizhen)	魏氏(王世貞妻)	1588			Yes
309378	Wang Shifang	王世芳	1583			No
309379	Wang Shide	王世德	1583			No
309380	Wang Shiye	王世業	1583			No
309381	Wang Shiwen	王世聞	1587			No
309382	Wang Shiwang	王世望	1587			No
126854	Wang Maode	王懋德	1598			No
136069	Wang Shilu	王士騄	1624			No
325414	Wang Yu	王忬	1565			No
325415	Yu Shi(Mother of Wangshimao)	郁氏(王世懋母)	1568			Yes
325416	Zhang Shi(Wife of Wangshimao)	章氏(王世懋妻)	1598			Yes
325417	Wang Shifang	王世芳	1593			No
325419	Wang Shide	王世德	1593			No
325420	Wang Shiye	王世業	1593			No
325422	Wang Shiwen	王世聞	1593			No
325423	Wang Shiwang	王世望	1593			No
34721	Wang Nie	王臬	1536	1477	1553	No
34722	Wang Kentang	王肯堂	1611	1552	0	No
68424	Chen Hou	陳逅	1547			No
126387	Fang Hongjing	方弘靜	1575	1516	1611	No
126822	Wang Ye	王燁	1565			No
126890	Wang Yan	王儼	1598			No
129883	Xu Yuantai	徐元太	1595	1536		No
130252	Cao Yipeng	曹一鵬	1607			No
130492	Zhang xiangYuan	張祥鳶	1579	1520		No
132325	Pan Sheng	潘晟	1571			No
133421	Dai Fengxiang	戴鳳翔	1589			No
309648	Yu Shi(Mother of Wangqiao)	于氏(王樵母)	1553			Yes
309649	Yu Shi(Wife of Wangqiao)	虞氏(王樵妻)	1583			Yes
309650	Wang An	王黯	1578			No
309652	Wang Ran	王然	1578			No
309653	Wang Tao	王燾	1578			No
309654	Wang Dian	王點	1578			No
309655	Wang Xiu	王烋	1578			No
309656	Wang Xi	王熙	1578			No
309657	Wang Zheng	王烝	1578			No
309658	Wang Jie	王杰	1578			No
309659	Wang Weixiong	王維熊	1582			No
309660	Wang Weipi	王維羆	1582			No
309661	Wang Menggao	王夢羔	1582			No
309664	Wang Mengyu	王夢魚	1582			No
279550	Yu Shi(Wife of Wangnie)	于氏(王臬妻)	1539			Yes
279551	Wang Gao	王杲	1534			No
279552	Wang Kai	王楷	1538			No
279554	Wang Jian	王柬	1538			No
279555	Wang Gai	王概	1538			No
279556	Wang Le	王樂	1538			No
279557	Wang Ji	王雧	1538			No
34724	Ye Chunji	葉春及	1591	1532	1595	No
69235	Chen Wude	陳吾德	1587	1528	1589	No
126740	Wang Xun	王詢	1574			No
129068	Hu Shunhua	胡順華	1586			No
132217	Zhao Weiyuan	趙維垣	1562			No
132527	Fan Xianke	樊獻科	1577			No
132672	Liu Tianshou	劉天授	1562			No
311714	Zong Zhou	宗周	1554			No
311715	Xu Shi(Mother of Zongchen)	徐氏(宗臣母)	1557			Yes
311716	Lu Shi(Wife of Zongchen)	陸氏(宗臣妻)	1587			Yes
311717	Zong Yuan	宗原	1586			No
34726	Hu Zhi(2)	胡直	1582	1523	1585	No
68216	Zhao Zhenji	趙貞吉	1573	1514	1576	No
129063	Hu Yaoyuan	胡堯元	1526	1483	1526	No
131401	Huang Zhaodao	黃昭道	1527	1468	1541	No
131848	Yang Zaiming	楊載鳴	1563	1514	1563	No
132101	Liao Daonan	廖道南	1551			No
319433	Hu Tianfeng	胡天鳳	1552			No
319434	Zhou Shi(Mother of Huzhi)	周氏(胡直母)	1555			Yes
319435	Xiao Shi(Wife of Huzhi)	蕭氏(胡直妻)	1585			Yes
319436	Hu Liang	胡諒	1584			No
319437	Hu Wen	胡問	1584			No
319438	Hu Jing	胡敬	1584			No
127733	Li Sancai	李三才	1604			No
128170	Wu Zixin	吳自新	1593	1541	1593	No
129341	Yao Jike	姚繼可	1593	1534	1608	No
130508	Zhang Lu	張鹵	1582	1523	1598	No
131238	Zeng Ruchun	曾如春	1595			No
132155	Zhao Zhigao	趙志???	1583	1524	1601	No
330262	Shen Du	沈杜	1560			No
330263	Song Shi(Mother of Shenli)	宋氏(沈鯉母)	1563			Yes
330265	Zhang Shi(Wife of Shenli)	張氏(沈鯉妻)	1593			Yes
330266	Zhou Shi(Wife of Shenliji)	周氏(沈鯉繼妻)	1593			Yes
330267	Shen Guang	沈光	1588			No
330268	Shen Xuan	沈煊	1588			No
330269	Shen Can	沈燦	1588			No
330270	Shen Zhao	沈照	1588			No
330271	Shen Lie	沈烈	1588			No
330272	Shen Lin	沈鱗	1592			No
330273	Shen Dian	沈點	1592			No
330274	Shen Luo	沈鮥	1592			No
330276	Shen An	沈黯	1592			No
330277	Shen Lu	沈魯	1592			No
123637	Feng Ji	馮琦	1603	1548	1603	No
125582	Xiao Lin	蕭廩	1587		1587	No
126634	Wang Tingzhuan	王庭譔	1591	1554	1591	No
127793	Li Wen	李汶	1595	1536	1609	No
128322	Lv Mingke	呂鳴珂	1587	1528	1598	No
129078	Hu Jiamo	胡嘉謨	1592			No
129794	Sun Yingao	孫應鰲	1583			No
129869	Xu Sanwei	徐三畏	1607			No
330859	Wen Chaofeng	温朝鳳	1568			No
330860	Wang Shi(Mother of Wenchun)	王氏(温純母)	1571			Yes
330861	Li Shi(Wife of Wenchun)	李氏(温純妻)	1601			Yes
330862	Wen Bian	温編	1600			No
34733	Gui Youguang	歸有光	1565	1506	1571	No
127760	Li Yu	李玉	1536	1486	1536	No
128017	Li Xianqing	李憲卿	1562	1506	1562	No
133472	Wei Ximing	魏希明	1540	1502	1540	No
331710	Gui Zheng	歸正	1535			No
331712	Zhou Shi(Mother of Guiyouguang)	周氏(歸有光母)	1538			Yes
331714	Wei Shi(Wife of Guiyouguang)	魏氏(歸有光妻)	1568			Yes
331715	Wang Shi(Wife of Guiyouguangji)	王氏(歸有光繼妻)	1568			Yes
331716	Fei Shi(Wife of Guiyouguangji)	費氏(歸有光繼妻)	1568			Yes
331717	Gui Jia	歸嘉	1563			No
331718	Gui Qing	歸慶	1567			No
331719	Gui Shang	歸尚	1567			No
331720	Gui Gong	歸功	1567			No
331721	Gui Cheng	歸成	1567			No
331723	Gui Dao	歸道	1567			No
127006	Shi Maohua	石茂華	1581	1522	1583	No
67159	Lin Ting	林烴	1616		1616	No
129081	Hu Xi	胡僖	1589			No
130570	Zhang Dingsi	張鼎思	1602	1543	1603	No
131925	Wan Shide	萬世德	1602	1547	1602	No
132614	Teng Bolun	滕伯輪	1585	1526	1589	No
34740	Yang Yinqiu	楊寅秋	1604	0	0	No
128637	Lin Daonan	林道楠	1607	1555	1607	No
129349	Tu Zongxun	涂宗濬	1613			No
129437	Tang Boyuan	唐伯元	1604			No
130786	Chen Dake	陳大科	1593	1534	1601	No
132851	Liu Chaoe	劉朝噩	1604			No
34741	Yu Jideng	余繼登	1607	0	0	No
126490	Wang Shiyang	王世揚	1607			No
126646	Wang Zhixiang	王致祥	1593	1544	1593	No
129118	Zha Zhilong	查志隆	1589			No
132958	Liu Tao	劉燾	1568			No
133462	Wei Yunzhen	魏允貞	1601	1542	1606	No
216357	Yu En	余恩	1577			No
216360	Lu Shi(Mother of Yujideng)	陸氏(余繼登母)	1580			Yes
216362	Yu Jiqing	余繼清	1609			No
216363	Yu Jiguang	余繼光	1609			No
216364	Yu Jixian	余繼先	1609			No
65960	Yang Tingyun	楊廷筠	1616	1557	1627	No
124055	Shen Yiguan	沈一貫	1615		1615	No
124895	Geng Dingli	耿定力	1608		1608	No
127025	Gan Shijia	甘士价	1607			No
127621	Shen Fengxiang	沈鳳翔	1608	1549	1608	No
128245	Wu Dake	吳達可	1600	1541	1621	No
128789	Zhou Kongjiao	周孔敎	1610			No
128819	Zhou Bangjie	周邦傑	1601			No
128994	Shi Ce	施策	1601			No
129413	Gao Ju	高擧	1612	1553	1624	No
129545	Ma Shiqi	馬世奇	1644		1644	No
129728	Sun Juxiang	孫居相	1622			No
131294	Tu Shufang	屠叔方	1607			No
131538	Hua Qizhi	華啟直	1592	1533	1597	No
132061	Ju Guanguang	鄒觀光	1610			No
132476	Deng Yuanxi	鄧元錫	1588	1529	1593	No
132864	Liu Fuchu	劉復初	1613			No
133325	Xiao Lianggan	蕭良幹	1593	1534	1602	No
133398	Nie Yunhan	聶雲翰	1622			No
218655	Gu Xue	顧學	1579			No
218656	Qian Shi(Mother of Guxiancheng)	錢氏(顧憲成母)	1582			Yes
218657	Zhu Shi(Wife of Guxiancheng)	朱氏(顧憲成妻)	1612			Yes
218660	Gu Xingcheng	顧性成	1607			No
218661	Gu Zicheng	顧自成	1607			No
218663	Gu Xuancheng	顧玄成	1611			No
229336	Qian Shi(Mother of Guyuncheng)	錢氏(顧允成母)	1586			Yes
229337	Hua Shi(Wife of Guyuncheng)	華氏(顧允成妻)	1616			Yes
229341	Gu Yuanru	顧員孺	1643			No
125516	Lu Kun	呂坤	1595	1536	1618	No
126461	Wang Zhishi	王之士	1587	1528	1590	No
128198	Wu Ti	吳悌	1561	1502	1568	No
128327	Lv Qian	呂潛	1576	1517	1578	No
129128	Nan Xuan	南軒	1583			No
130172	Guo Fu	郭郛	1577	1518	1605	No
130628	Zhang Jie	張節	1562	1503	1582	No
34745	Bi Ziyan	畢自嚴	1628	1569	1638	No
232509	Bi Mou	畢某	1598			No
60004	Li Rixuan	李日宣	1643			No
60202	Sun Zhaoxing	孫肇興	1662		1662	No
131178	Feng Yingjing	馮應京	1606	1555	1606	No
132078	Zhan Siyu	詹思虞	1610			No
132436	Chu Fu	褚鈇	1592	1533	1600	No
132823	Liu Hu	劉焀	1604	1545	1610	No
232633	Cao Xishun	曹希舜	1587			No
65804	Jiao Hong	焦竑	1600	1541	1620	No
124310	Zhu Geng	朱賡	1594	1535	1608	No
124930	Wei Shiliang	魏時亮	1588	1529	1591	No
125585	Zhu Hongmo	朱鴻謨	1598		1598	No
126653	Wang Shihuai	王時槐	1581	1522	1605	No
127173	Jiang Dongzhi	江東之	1607			No
127629	Shen Mi	沈謐	1553	1501	1553	No
127919	Li Wei	李渭	1572	1513	1588	No
128376	Yu Maoheng	余懋衡	1622			No
128511	Meng Qiu	孟秋	1584	1525	1589	No
128797	Zhou Rudeng	周汝登	1607			No
129330	Yao Shunmu	姚舜牧	1602	1543		No
130335	Zhang Yuanbian	張元忭	1588	1538	1588	No
131250	Zeng Qianheng	曾乾亨	1594	1538	1594	No
131816	Yang Qiyuan	楊起元	1599	1547	1599	No
132059	Ju Depu	鄒德溥	1613			No
132478	Deng Yizan	鄧以讃	1599	1542	1599	No
132680	Liu Risheng	劉日升	1605	1546	1617	No
133087	Qian Yiben	錢一本	1598	1539	1610	No
217451	Ju Chao	鄒潮	1580			No
217452	Luo Shi(Mother of Juyuanbiao)	羅氏(鄒元標母)	1583			Yes
217453	Wu Shi(Wife of Juyuanbiao)	吳氏(鄒元標妻)	1613			Yes
217454	Jiang Shi(Wife of Juyuanbiaoji)	江氏(鄒元標繼妻)	1613			Yes
217455	Ju Yuanmei	鄒元梅	1608			No
217456	Ju Yuanji	鄒元楫	1608			No
217457	Ju Yuanzhu	鄒元柱	1612			No
217458	Ju Yuanqi	鄒元杞	1612			No
217460	Ju Yuanti	鄒元梯	1612			No
217461	Ju Yuanying	鄒元楹	1612			No
217462	Ju Yuanxiao	鄒元校	1612			No